{"estimated_cost":{"write_length":0,"write_count":0,"read_length":0,"read_count":0,"runtime":0},"estimated_cost_scalar":6,"estimations":[{"fee_rate":1.0842455266223225,"fee":180},{"fee_rate":1.0842455266223225,"fee":180},{"fee_rate":1.0842455266223225,"fee":180}],"cost_scalar_change_by_byte":0.00476837158203125}